file_name,cry,others,final_prediction
0c8f14a9-6999-485b-97a2-913c1cbf099c-1430760379259-1.7-m-26-hu.wav,0.33375680446624756,0.33217135071754456,cry
0c8f14a9-6999-485b-97a2-913c1cbf099c-1431028888092-1.7-m-26-sc.wav,0.3340493142604828,0.3327528238296509,cry
0a983cd2-0078-4698-a048-99ac01eb167a-1433917038889-1.7-f-04-hu.wav,0.33407941460609436,0.33233195543289185,cry
0D1AD73E-4C5E-45F3-85C4-9A3CB71E8856-1430742197-1.0-m-04-hu.wav,0.3325974941253662,0.3320475220680237,cry
0c8f14a9-6999-485b-97a2-913c1cbf099c-1430760394426-1.7-m-26-hu.wav,0.33324557542800903,0.33280831575393677,cry
